gene,f_score,p_value
ENSG00000224215.1,1768.9288369530639,6.3787086843404936e-161
ENSG00000180440.4,1686.5115704182558,4.12562957385411e-157
ENSG00000261863.1,1330.4945170387866,8.967367354127176e-139
ENSG00000150625.16,1249.671078755472,4.1850960426621517e-134
ENSG00000108576.10,1169.166906033043,3.1361846629065176e-129
ENSG00000158764.7,1163.36836245082,7.190083891002452e-129
ENSG00000140600.17,1132.8663403650007,5.9370142885281335e-127
ENSG00000161649.13,1072.3483967123539,4.869307797526944e-123
ENSG00000102683.8,1071.6704810928218,5.397312617215823e-123
ENSG00000154342.6,896.9997862195178,9.203041327201849e-111
ENSG00000169218.14,885.659352057587,6.4790908147736e-110
ENSG00000197465.14,871.7104085003707,7.309249910280814e-109
ENSG00000135604.10,843.2430113067619,1.11191487099614e-106
ENSG00000159307.19,810.0233816622574,4.502232239921408e-104
ENSG00000246430.7,806.6320866004032,8.383366534319029e-104
ENSG00000235387.5,802.8674933542503,1.6748395960155432e-103
ENSG00000182010.11,793.9470122607563,8.704402922759479e-103
ENSG00000134115.13,780.1656499632514,1.1365014041280798e-101
ENSG00000168952.15,778.5676180982243,1.5337546351732417e-101
ENSG00000234281.5,762.4038175625143,3.2512545015835616e-100
ENSG00000148488.17,755.4682799204061,1.2203980157399413e-99
ENSG00000155511.18,754.121311663115,1.5792309235274132e-99
ENSG00000168309.18,732.721132927673,9.857599972152412e-98
ENSG00000263155.6,727.0706924027356,2.972764917749424e-97
ENSG00000092051.17,707.2192842860442,1.4982654360157803e-95
ENSG00000228401.5,704.9884289591787,2.337243775955513e-95
ENSG00000167434.10,691.1211456063998,3.7797249755948717e-94
ENSG00000123119.12,689.3923101212546,5.360089567894063e-94
ENSG00000168481.9,681.4864561169809,2.6659394628788257e-93
ENSG00000055813.6,678.9923428119123,4.432348881453461e-93
ENSG00000171509.16,677.8014157098171,5.652323908559894e-93
ENSG00000120156.22,665.9434803847565,6.451401918706917e-92
ENSG00000162367.11,661.1661648275601,1.7330391380198315e-91
ENSG00000268388.6,660.8784821724441,1.8395411826188448e-91
ENSG00000170323.9,657.235504349878,3.919896685661426e-91
ENSG00000186994.11,652.1758066263213,1.1256174172062333e-90
ENSG00000148677.7,648.6565039406479,2.351052549688092e-90
ENSG00000176771.17,644.1240855307909,6.091304008383198e-90
ENSG00000072163.20,637.1984218194036,2.6287416458188353e-89
ENSG00000286256.2,616.3649315172011,2.2615218021557203e-87
ENSG00000266120.1,609.404109012477,1.0212344562897939e-86
ENSG00000253959.1,591.5476355715306,5.1084974725046705e-85
ENSG00000243566.7,584.4309812884558,2.4746737660087225e-84
ENSG00000136160.17,582.6709257504508,3.6618610343583455e-84
ENSG00000249741.2,581.7721160029989,4.474250797698984e-84
ENSG00000132622.11,580.7066733350839,5.675032280888878e-84
ENSG00000238018.2,580.550920157547,5.87584876571761e-84
ENSG00000277494.2,576.3169028225116,1.5152286685965108e-83
ENSG00000167588.13,574.3589017021519,2.3512472156159644e-83
ENSG00000070778.13,573.1239066148062,3.1034295432260658e-83
ENSG00000154721.15,561.906079581989,3.920999277797516e-82
ENSG00000010319.7,561.709414418102,4.100302872936472e-82
ENSG00000047648.23,559.2998436615242,7.096519192061085e-82
ENSG00000105227.16,557.4656057496345,1.07837366836336e-81
ENSG00000165312.6,555.9544145480002,1.523117132879428e-81
ENSG00000170989.10,554.6894348915964,2.0343953976127064e-81
ENSG00000163815.6,552.6364346744571,3.2566898450066625e-81
ENSG00000101331.17,551.177190648508,4.552713279543431e-81
ENSG00000112782.19,543.7846976116763,2.503618622103478e-80
ENSG00000104967.8,543.2736152449619,2.8180552010862495e-80
ENSG00000171596.7,542.0458980450283,3.745276401777939e-80
ENSG00000134917.10,537.1603397376565,1.1656639564938487e-79
ENSG00000154133.15,522.6185434344566,3.536890868466509e-78
ENSG00000151718.16,516.320659784785,1.5749770864056185e-77
ENSG00000260908.1,514.201186260851,2.6092048021683753e-77
ENSG00000169744.13,510.9316151266363,5.696914337178068e-77
ENSG00000139567.13,508.4191167654287,1.039965900721283e-76
ENSG00000157654.19,507.4046483658851,1.3266229561740281e-76
ENSG00000165810.17,504.1147703599029,2.926725415313805e-76
ENSG00000107742.13,501.84365575178833,5.061590306568218e-76
ENSG00000261371.6,497.35747664903005,1.4992537001355942e-75
ENSG00000166292.12,495.47375687064755,2.3689124550568314e-75
ENSG00000244280.1,493.46349914096584,3.863667352708777e-75
ENSG00000206172.8,493.41997521536064,3.9048505490626587e-75
ENSG00000101307.16,489.36214358022676,1.051556256845012e-74
ENSG00000130307.12,488.82692760879763,1.198712618172018e-74
ENSG00000231322.5,488.2363691678757,1.3852129398451394e-74
ENSG00000169252.6,487.5824829972196,1.6259153134231548e-74
ENSG00000120913.23,482.6004927807275,5.5311871095164e-74
ENSG00000109205.16,482.1480373654033,6.183678482621495e-74
ENSG00000150048.10,481.99495039653306,6.421519524036931e-74
ENSG00000115361.8,481.5623395513933,7.144494079899807e-74
ENSG00000164736.6,481.4374671785633,7.367999053837242e-74
ENSG00000135917.16,481.36627771523985,7.498547849682143e-74
ENSG00000022267.19,481.23091660150794,7.753218794034996e-74
ENSG00000138669.9,476.57777012926266,2.451132888188531e-73
ENSG00000204305.14,475.092766602919,3.5434071557806465e-73
ENSG00000114790.13,473.8813623594462,4.788222923030693e-73
ENSG00000257894.2,472.40111200974314,6.921103228670528e-73
ENSG00000118526.7,469.7133715816536,1.3531399403795964e-72
ENSG00000249751.4,465.0454755117764,4.3553507866131257e-72
ENSG00000103241.7,463.4061171117123,6.575455094417061e-72
ENSG00000259417.3,463.1660354235492,6.98477512771636e-72
ENSG00000198873.12,463.0730366731723,7.150122351228818e-72
ENSG00000116016.14,460.103160601839,1.5112624672695446e-71
ENSG00000134256.12,454.0200788004647,7.052709592336332e-71
ENSG00000182575.8,453.91168482173265,7.249655223580146e-71
ENSG00000225938.1,453.6047468431592,7.837830145441332e-71
ENSG00000179776.19,453.60302379944966,7.841263744113071e-71
ENSG00000198844.12,452.1807394677828,1.1259528909270056e-70
ENSG00000227051.7,452.11270105586533,1.145626978719552e-70
ENSG00000154783.12,451.7441322748467,1.2583621124230441e-70
ENSG00000128268.12,450.38656707465685,1.7786452424018978e-70
ENSG00000213853.10,448.45509874146353,2.9126619230102575e-70
ENSG00000131477.11,447.8167249844337,3.429145019345343e-70
ENSG00000102760.13,446.99758931743753,4.2289183644794487e-70
ENSG00000172159.16,445.35261171600894,6.446283510617923e-70
ENSG00000134201.12,443.8309031788577,9.527206705197052e-70
ENSG00000094963.14,440.1917162810363,2.431409917044881e-69
ENSG00000171115.4,438.7260171168406,3.5497635967755884e-69
ENSG00000133121.21,435.7015363082292,7.765419936629852e-69
ENSG00000183019.7,435.080312555014,9.122943748155184e-69
ENSG00000135063.19,432.98944475524775,1.5703305365322506e-68
ENSG00000112214.10,431.4234245422406,2.360498124612183e-68
ENSG00000095370.20,430.90970026960844,2.6986042172741417e-68
ENSG00000261143.1,428.81528129032756,4.661226414344781e-68
ENSG00000130052.13,427.1999629794269,7.111247433975331e-68
ENSG00000105974.13,426.68399236194637,8.139782409874786e-68
ENSG00000141338.14,425.73684749826486,1.043263244797682e-67
ENSG00000133800.9,424.7112231937644,1.365322685468529e-67
ENSG00000158246.8,421.4483323828251,3.2199662229066844e-67
ENSG00000114854.8,420.5677204079074,4.061170463674296e-67
ENSG00000149557.14,419.769562972287,5.013023822849367e-67
ENSG00000137441.8,418.76267927319043,6.540050579779408e-67
ENSG00000171132.14,416.98788830974235,1.0458194695417183e-66
ENSG00000117245.13,416.40528283164207,1.2203153452826135e-66
ENSG00000092295.12,414.58439458590124,1.9779261627037485e-66
ENSG00000136114.17,414.3606930860559,2.0989738752074974e-66
ENSG00000120279.6,414.2775855704795,2.1458163863960303e-66
ENSG00000165197.5,414.1390680294038,2.2262351156145426e-66
ENSG00000235385.2,414.1381903024023,2.2267542284719994e-66
ENSG00000142748.13,412.17140729245114,3.7568206212953316e-66
ENSG00000129596.5,411.10368869387906,4.992840106964123e-66
ENSG00000122679.8,410.2533703480094,6.263704815678739e-66
ENSG00000189129.14,409.75462597061136,7.155506253583805e-66
ENSG00000177098.9,408.0754028933608,1.1207819390514238e-65
ENSG00000064989.13,406.25807325929014,1.8232814579395042e-65
ENSG00000183010.17,406.14302164792804,1.8803887639922621e-65
ENSG00000137878.17,405.23409589330527,2.3995191561735994e-65
ENSG00000164035.10,403.175282350011,4.172118454345121e-65
ENSG00000114654.7,401.9663398174935,5.776813541221828e-65
ENSG00000283199.3,400.9270872054264,7.64434914664661e-65
ENSG00000166265.13,399.0018251658007,1.2855649682216816e-64
ENSG00000135218.19,398.51383242467483,1.4668831689182867e-64
ENSG00000266524.3,397.3116683260384,2.0309336640677335e-64
ENSG00000092421.17,397.22356565083555,2.0799789442417352e-64
ENSG00000171056.8,395.49490042589724,3.323615416645314e-64
ENSG00000254810.1,389.659755844243,1.6283436668746517e-63
ENSG00000168497.5,389.2987574091125,1.797203564989212e-63
ENSG00000131097.7,389.23816047369417,1.8272249789226637e-63
ENSG00000171819.5,384.27949638871183,7.116764512225953e-63
ENSG00000189292.16,382.9464818978745,1.0270968139200608e-62
ENSG00000157554.19,379.7559477939718,2.4773274740294423e-62
ENSG00000069702.11,378.54456486453824,3.463715454135261e-62
ENSG00000241644.2,375.5341713976617,7.9832344917027e-62
ENSG00000111052.7,375.1166840075858,8.965467568576063e-62
ENSG00000171243.8,372.8568785526772,1.6818466837374338e-61
ENSG00000105538.10,371.94195364854056,2.1707629339179063e-61
ENSG00000162520.15,369.6371629351536,4.133656546044138e-61
ENSG00000120645.12,366.4586441750653,1.0077926941431015e-60
ENSG00000137834.15,364.9348457630526,1.5468406849237623e-60
ENSG00000169418.10,364.0936321476184,1.9602659350639958e-60
ENSG00000236304.1,362.12374008058634,3.416783681965083e-60
ENSG00000213203.3,361.90932711120684,3.630085595475515e-60
ENSG00000043591.6,361.5722563065253,3.992776541763357e-60
ENSG00000112137.18,360.42371672741496,5.524926679554775e-60
ENSG00000127329.16,357.6904645813564,1.1989183385136993e-59
ENSG00000152580.8,357.09030485668313,1.421737615065225e-59
ENSG00000143167.12,356.611133985958,1.6291619619330433e-59
ENSG00000280339.1,356.38682506927,1.7364527137292257e-59
ENSG00000114812.13,355.3424327382571,2.3373804957726333e-59
ENSG00000162687.19,354.7690201719088,2.7520869807812445e-59
ENSG00000197245.6,354.7362131615286,2.777934370838434e-59
ENSG00000173114.13,352.54264253803615,5.194506391428621e-59
ENSG00000206384.10,351.21930127533676,7.583751518104395e-59
ENSG00000091106.19,351.07517014083146,7.9031321912003955e-59
ENSG00000224397.7,350.3015317807875,9.8631343141749e-59
ENSG00000138821.13,350.1049404413811,1.0434681243950103e-58
ENSG00000131355.15,348.5502094881172,1.6299043989061395e-58
ENSG00000173269.14,344.7980809803753,4.7987074504520005e-58
ENSG00000145147.20,344.195428094524,5.7101898531683436e-58
ENSG00000250899.3,343.9937833522515,6.0524872975765066e-58
ENSG00000156218.13,343.77002568926133,6.456501780734445e-58
ENSG00000059573.9,339.23359742834964,2.402358712775242e-57
ENSG00000256948.1,339.1360060513996,2.471436382773805e-57
ENSG00000213144.2,338.78879366680627,2.7337825828979086e-57
ENSG00000165495.16,337.24709210309965,4.280951500907447e-57
ENSG00000112902.12,336.68204849379254,5.046860009053432e-57
ENSG00000011201.12,334.5475821755301,9.408052766135345e-57
ENSG00000129048.7,333.6725454574889,1.215048565637157e-56
ENSG00000188536.13,333.17363607817066,1.4060134522637171e-56
ENSG00000161835.11,332.90742651722525,1.5199619153001914e-56
ENSG00000176435.7,331.7906687979089,2.1082876320515815e-56
ENSG00000233038.6,330.23102408739277,3.3320806499691646e-56
ENSG00000121691.7,329.6558820864998,3.945658635874645e-56
ENSG00000159708.18,329.2241550695737,4.479761355850914e-56
ENSG00000288543.1,328.6723192407644,5.269544398654732e-56
ENSG00000171049.9,327.3450185557461,7.790916848408745e-56
ENSG00000164530.15,327.1706993699641,8.201858676437914e-56
ENSG00000155011.9,326.70428313813943,9.41167426239824e-56
ENSG00000167261.14,326.5319755884547,9.902637987253103e-56
ENSG00000114113.6,325.7076666850958,1.2631832770545966e-55
ENSG00000111961.18,325.60355402316566,1.3026460300242192e-55
ENSG00000135363.12,323.64289379615946,2.3267780265102702e-55
ENSG00000276644.5,322.6159166068737,3.1547449819186528e-55
ENSG00000198075.10,322.60654591633454,3.163525971073707e-55
ENSG00000171777.16,321.22714525169255,4.7645886912915386e-55
ENSG00000131831.18,320.23141917781965,6.406267269878278e-55
ENSG00000282012.1,320.07655041800166,6.708388684584254e-55
ENSG00000004776.13,319.718346503194,7.463162521903432e-55
ENSG00000115896.16,317.8429309876125,1.3052790730740393e-54
ENSG00000178175.12,315.65063295977427,2.5133199853650643e-54
ENSG00000133561.15,314.09891414287364,4.00069558448051e-54
ENSG00000115306.16,310.7511517382929,1.0941559536263574e-53
ENSG00000184005.11,309.1119366506894,1.7935700203777738e-53
ENSG00000088926.14,308.7300153370496,2.0127637921355287e-53
ENSG00000235997.3,308.36817245631244,2.245213747504132e-53
ENSG00000031081.11,308.13194676877094,2.4113304891855615e-53
ENSG00000144843.11,308.1297702806427,2.412917062210461e-53
ENSG00000066405.13,307.6195976433557,2.815290420270794e-53
ENSG00000103647.13,307.5384912522455,2.885199150760323e-53
ENSG00000131471.7,306.5986628605561,3.834386199619319e-53
ENSG00000128849.11,305.5209324609935,5.315283946015489e-53
ENSG00000154175.18,305.33336512167756,5.626404274588189e-53
ENSG00000164161.10,304.97120121740807,6.279840358401798e-53
ENSG00000276850.5,304.56219240982443,7.10993393511269e-53
ENSG00000186417.14,304.05015721269956,8.3062395943887625e-53
ENSG00000157734.14,303.79816909804697,8.967244311490842e-53
ENSG00000173706.14,303.1051836593125,1.1070518190225237e-52
ENSG00000198576.4,302.8740203881667,1.1877132465855604e-52
ENSG00000197415.12,302.2825561100462,1.4220144583481278e-52
ENSG00000164764.11,301.76086923062115,1.6669481047529637e-52
ENSG00000168477.19,301.5246298552258,1.7913959311120615e-52
ENSG00000137507.11,301.1892378358798,1.984275376331076e-52
ENSG00000196616.14,301.0379026634186,2.0780076020806618e-52
ENSG00000182253.15,300.41901286786975,2.5099438707131417e-52
ENSG00000184347.15,299.83433375360016,3.0006026469577656e-52
ENSG00000159723.5,299.217787786841,3.622796942452116e-52
ENSG00000261338.2,298.33668488651193,4.743621728981635e-52
ENSG00000197256.11,298.10400619424223,5.093861644612709e-52
ENSG00000175084.12,296.7670655970604,7.673467086086003e-52
ENSG00000237413.5,296.6360983643742,7.988036447050053e-52
ENSG00000114200.10,296.30844692390934,8.832941585252636e-52
ENSG00000163687.14,295.8623221201206,1.0129540392603882e-51
ENSG00000185010.15,295.7983565004493,1.0330504224858301e-51
ENSG00000171611.10,295.2377249906242,1.2272409371558268e-51
ENSG00000126785.13,295.1120819278206,1.2755653928968925e-51
ENSG00000080546.13,294.3889992798266,1.5932571987049396e-51
ENSG00000168907.13,294.09677960462415,1.7431884162098282e-51
ENSG00000167874.7,293.4470585681458,2.1293206957714933e-51
ENSG00000137726.17,293.24632262689676,2.2651845245707118e-51
ENSG00000187800.13,292.9822807374415,2.4572458118870762e-51
ENSG00000117069.15,290.8586873329198,4.733332782161785e-51
ENSG00000116194.13,290.2335125552213,5.74301574294606e-51
ENSG00000203878.11,289.6740825175304,6.828754640918884e-51
ENSG00000198948.12,288.65467676366455,9.365256657177287e-51
ENSG00000105339.11,288.49903024248084,9.828357982518541e-51
ENSG00000267107.8,288.4339021770177,1.0028897881674728e-50
ENSG00000107242.20,288.3876298609947,1.0173870210353688e-50
ENSG00000123178.15,287.4228653493208,1.3725555628668098e-50
ENSG00000184113.9,287.31282029677624,1.4202798438735838e-50
ENSG00000272789.1,286.84333571004,1.6433395479418685e-50
ENSG00000099260.11,284.6859416386682,3.2163551385785854e-50
ENSG00000128050.9,280.7426063744217,1.1030974700688384e-49
ENSG00000135052.16,280.55733206859446,1.1690475460005621e-49
ENSG00000096063.16,279.8743274215695,1.4482804651553658e-49
ENSG00000066056.14,279.7108680509422,1.5245000353174064e-49
ENSG00000157927.17,278.6490001716239,2.127889854190724e-49
ENSG00000165757.9,278.42534252906006,2.2828584850457506e-49
ENSG00000125810.10,278.0752906288107,2.5484759854488896e-49
ENSG00000071282.12,277.79848536872834,2.780327234244655e-49
ENSG00000144655.15,277.5274702938478,3.027847593403381e-49
ENSG00000197852.12,277.4046344556134,3.147210364568145e-49
ENSG00000080618.17,276.4324673612227,4.2748470450070285e-49
ENSG00000177469.13,276.00421247889733,4.892857834114491e-49
ENSG00000070614.15,275.79192533418126,5.231717199233883e-49
ENSG00000178726.7,275.0879405798703,6.533482019204534e-49
ENSG00000183807.8,272.3640070667269,1.5467043040841854e-48
ENSG00000184905.9,272.1090969411205,1.6768824070815604e-48
ENSG00000163145.13,271.75163577987126,1.878181053322048e-48
ENSG00000118729.12,270.9928194855498,2.3896410033876286e-48
ENSG00000122694.16,270.98771617118695,2.3935167434497542e-48
ENSG00000174175.17,270.7087391676452,2.6152801820282192e-48
ENSG00000079308.19,269.9658521376663,3.3117907080096964e-48
ENSG00000141469.18,269.7545560790336,3.541997694265039e-48
ENSG00000153902.14,269.4941970656288,3.8478855090072084e-48
ENSG00000196549.12,268.3064916537745,5.616823554862141e-48
ENSG00000164466.13,268.18272903035376,5.842833393316869e-48
ENSG00000135111.16,267.6682388897204,6.884568075106642e-48
ENSG00000197471.12,267.1146132271128,8.214974150199688e-48
ENSG00000105971.15,266.06543434013884,1.1486220611975523e-47
ENSG00000124019.10,265.72397610076064,1.2811471849884608e-47
ENSG00000174837.15,265.40212405835985,1.420098355379396e-47
ENSG00000158435.8,265.1321994527029,1.5482394411263923e-47
ENSG00000173517.10,264.7204373467319,1.766445583167497e-47
ENSG00000110756.18,263.8264231383834,2.35255318183184e-47
ENSG00000111897.7,263.6940032637625,2.4546198795030184e-47
ENSG00000165072.10,263.6712893352221,2.47256897313388e-47
ENSG00000113070.8,263.44712080809165,2.656939006951204e-47
ENSG00000118777.12,263.04602426103514,3.021969837224075e-47
ENSG00000102935.12,262.151774237229,4.0276410523402897e-47
ENSG00000197381.16,261.89814234875416,4.3698262308208906e-47
ENSG00000147655.12,261.79199144978446,4.521569451814307e-47
ENSG00000244734.4,260.6044430151275,6.626606239588223e-47
ENSG00000182950.3,260.09882794036054,7.799232957832607e-47
ENSG00000133401.16,258.86521581976456,1.1611933179735114e-46
ENSG00000144120.13,258.63668686840583,1.2501392513484528e-46
ENSG00000132970.14,258.268205051949,1.408198172504242e-46
ENSG00000117758.14,257.12909210243873,2.035505197993118e-46
ENSG00000133116.8,255.0688042270962,3.9693840684936314e-46
ENSG00000157570.12,254.4569728199238,4.841934678831178e-46
ENSG00000177303.10,253.89217197884213,5.817642020111469e-46
ENSG00000185291.12,253.46272885087646,6.6897525162895875e-46
ENSG00000164659.15,253.05222039625696,7.645969890373303e-46
ENSG00000228027.1,252.37792692658098,9.523836341224871e-46
ENSG00000107738.20,252.28816229318238,9.8065448388214e-46
ENSG00000276170.4,250.8645225580731,1.560320008867124e-45
ENSG00000160867.15,250.59250584870944,1.705290340212239e-45
ENSG00000204301.6,250.4877238772781,1.7646770905378685e-45
ENSG00000274736.5,249.46624685746764,2.4644040905895777e-45
ENSG00000183722.9,249.46249180453862,2.4674338189733267e-45
ENSG00000109501.14,247.33592133221634,4.9531993091813847e-45
ENSG00000106034.18,247.28003717828958,5.0448838387776636e-45
ENSG00000066629.18,246.88648962854035,5.74067231330724e-45
ENSG00000131747.15,246.67255463454427,6.158550496119238e-45
ENSG00000254122.3,246.58621924448784,6.335720820799545e-45
ENSG00000180198.16,246.53622704788012,6.440641706162918e-45
ENSG00000091428.18,246.49966961614535,6.518469474370788e-45
ENSG00000167850.4,246.0152779934922,7.643469737317007e-45
ENSG00000136732.16,245.1123235786492,1.0287515855874592e-44
ENSG00000141934.10,244.84320117547463,1.1240780834692812e-44
ENSG00000160801.14,243.8484514913951,1.5601952173769548e-44
ENSG00000146250.7,243.72998125664708,1.6223684311308905e-44
ENSG00000179921.15,243.71622880228713,1.6297450654520656e-44
ENSG00000154188.10,243.65760968732636,1.6615672716778255e-44
ENSG00000078081.8,243.35630482670408,1.8352549035961377e-44
ENSG00000018625.15,242.52967383294973,2.411303553303749e-44
ENSG00000151702.17,242.45154979393357,2.474364463796486e-44
ENSG00000147526.20,241.92934261557025,2.9406211409403787e-44
ENSG00000260468.1,241.2036906546011,3.738666307859188e-44
ENSG00000175832.13,241.0074680628466,3.989632116006787e-44
ENSG00000131634.14,240.9446054211892,4.073558529936098e-44
ENSG00000169860.7,240.34732846936353,4.964972235720656e-44
ENSG00000144218.19,240.34398633952188,4.970475457172486e-44
ENSG00000090006.18,240.1489077710091,5.302541259230304e-44
ENSG00000200253.1,239.8034414053589,5.946223965309549e-44
ENSG00000236242.1,239.71368404355877,6.125943148623015e-44
ENSG00000157510.14,239.26483956219633,7.109920010435839e-44
ENSG00000176697.20,238.9796709196844,7.816054180747358e-44
ENSG00000137857.17,238.85306458009805,8.151738938544194e-44
ENSG00000145861.9,238.66852525628434,8.667136089716429e-44
ENSG00000035664.11,238.03907769437484,1.0684283857182843e-43
ENSG00000077152.11,237.92742130027247,1.1088510119868242e-43
ENSG00000174099.12,237.25065367558537,1.3889341789000266e-43
ENSG00000032444.17,236.9640978450649,1.5280031106275535e-43
ENSG00000243364.8,236.17418989157434,1.9881612092616002e-43
ENSG00000187688.15,236.08031454789486,2.0513855403356847e-43
ENSG00000131055.5,235.92944151602342,2.1572557947173853e-43
ENSG00000159200.18,235.37524507101668,2.5954892211370522e-43
ENSG00000087589.16,235.1855956671819,2.7651527794408937e-43
ENSG00000169271.3,234.75927095901517,3.1883451943237006e-43
ENSG00000161940.11,234.49003070563882,3.4885356302131712e-43
ENSG00000267280.5,234.18798320127468,3.859230770694989e-43
ENSG00000185483.12,234.15807215130488,3.8980275362818574e-43
ENSG00000046653.15,234.0964231979509,3.979230775003924e-43
ENSG00000145990.11,233.9304500811028,4.20639365323893e-43
ENSG00000122707.12,233.79725151158848,4.398086314839335e-43
ENSG00000166025.18,233.67789108850204,4.577307157299696e-43
ENSG00000136546.16,233.55811193433175,4.764531751376591e-43
ENSG00000136842.14,232.74811412437506,6.249343460928069e-43
ENSG00000112964.14,232.41877135935277,6.978736288656319e-43
ENSG00000104918.8,232.3965494417369,7.030924803655516e-43
ENSG00000188015.10,232.38803445498095,7.051026094933656e-43
ENSG00000273877.4,231.96889411794092,8.11525791918663e-43
ENSG00000067082.15,231.76771690302272,8.681964789082613e-43
ENSG00000077943.8,231.05261051988901,1.103806854496785e-42
ENSG00000121075.11,230.93667347962716,1.1476486060255361e-42
ENSG00000143171.13,230.86972767725953,1.173756438431082e-42
ENSG00000180871.8,230.70420765252132,1.240896449059257e-42
ENSG00000146966.13,230.49382272774275,1.3318321109995513e-42
ENSG00000100034.14,229.84670257988006,1.655697240923771e-42
ENSG00000173457.11,228.76540505250492,2.3830638550613058e-42
ENSG00000100307.13,228.50345812093235,2.603073986493375e-42
ENSG00000087074.8,227.89131425085637,3.20011558329417e-42
ENSG00000135540.11,227.65864987087,3.461561215239606e-42
ENSG00000129467.14,227.61516598598024,3.5127530325583525e-42
ENSG00000164932.13,226.98854740224027,4.3407749505807826e-42
ENSG00000287382.1,226.63076191282363,4.8987931126401626e-42
ENSG00000138685.17,226.49852187191075,5.1228127820114903e-42
ENSG00000000938.13,226.25513659721994,5.5623626852512266e-42
ENSG00000110203.9,225.6146826132441,6.908698932472343e-42
ENSG00000176438.12,224.7488490428566,9.264050445241437e-42
ENSG00000261468.1,224.30327118190812,1.0775297309321688e-41
ENSG00000123243.15,224.26327056782438,1.0922523207872772e-41
ENSG00000162407.9,224.23170366713086,1.1040133017415674e-41
ENSG00000200378.1,223.9892640016869,1.1986835932791997e-41
ENSG00000150977.10,223.75122801898132,1.2995654987745141e-41
ENSG00000109846.9,223.23489586441292,1.548685014061555e-41
ENSG00000186188.11,222.96681333458443,1.6964111749669197e-41
ENSG00000161281.11,222.9651296785885,1.6973823251409925e-41
ENSG00000172458.4,222.78912641578324,1.8020451580360043e-41
ENSG00000177494.6,222.13038326120855,2.2546828342094988e-41
ENSG00000154764.6,221.9713156090878,2.380123763748597e-41
ENSG00000185432.12,221.75013770031973,2.566280840677834e-41
ENSG00000264230.9,221.38185657255562,2.9092696828468587e-41
ENSG00000168484.12,221.36228361790307,2.9287360549850153e-41
ENSG00000287255.1,220.87775799766138,3.4546429132699685e-41
ENSG00000138363.15,220.6150687007253,3.7784155065140105e-41
ENSG00000211445.12,220.00267444310975,4.656602094888882e-41
ENSG00000163513.19,219.8208317489237,4.954898677194956e-41
ENSG00000137393.10,219.19198218408582,6.142474852092227e-41
ENSG00000174059.17,218.66301155243832,7.36036136774447e-41
ENSG00000135049.16,218.5805687458261,7.570908395511262e-41
ENSG00000179913.11,218.53337700885814,7.694140753893266e-41
ENSG00000165124.18,218.44792101539494,7.922443035374661e-41
ENSG00000130164.14,218.42622444718933,7.981482230322116e-41
ENSG00000073712.15,218.39794610824987,8.059095075538034e-41
ENSG00000148541.13,218.2425288891938,8.499385617573195e-41
ENSG00000103175.11,217.87485773674214,9.639609126615915e-41
ENSG00000129250.12,217.56726234084624,1.0710778847423797e-40
ENSG00000179820.16,215.61333273135915,2.0941086400091095e-40
ENSG00000117114.20,215.40668766960903,2.248242990845086e-40
ENSG00000058335.16,215.03388974199206,2.5557089475731e-40
ENSG00000164850.15,214.99512324044042,2.5900132311878617e-40
ENSG00000035141.8,214.8803983001241,2.6942662605550266e-40
ENSG00000122756.15,214.8585186721158,2.7146222142767452e-40
ENSG00000164047.6,214.753325875131,2.814667011239592e-40
ENSG00000110799.14,214.71940378250966,2.8477121970114773e-40
ENSG00000137872.17,214.46904863358625,3.10395397814556e-40
ENSG00000115602.17,214.10926072666282,3.513299543111704e-40
ENSG00000205213.14,213.61518850931566,4.16525814069453e-40
ENSG00000108387.15,213.50749768264475,4.322775158992473e-40
ENSG00000163788.14,213.07467643687318,5.018566994017968e-40
ENSG00000164855.16,213.0314734901846,5.09391711117661e-40
ENSG00000138801.9,212.98509293250228,5.176074487428436e-40
ENSG00000088320.4,212.65994243082204,5.7906515367959085e-40
ENSG00000171992.13,212.52414812485682,6.0685440575253405e-40
ENSG00000095713.14,212.03432865135414,7.187009409165358e-40
ENSG00000119147.10,211.81813910337868,7.744434002057237e-40
ENSG00000255399.4,211.64294899473228,8.227851702553017e-40
ENSG00000128512.23,211.5018257699272,8.63922241960328e-40
ENSG00000137976.7,211.43391700244243,8.844474853833816e-40
ENSG00000101282.9,211.18384806610308,9.643443263164511e-40
ENSG00000119865.9,209.8235756348269,1.544507537837664e-39
ENSG00000166927.13,209.18736507341373,1.925780110965357e-39
ENSG00000133246.12,209.02092402081766,2.0402749538067417e-39
ENSG00000149564.12,208.9472885569479,2.0930869421345666e-39
ENSG00000106688.12,208.48062322421322,2.461235051760937e-39
ENSG00000064205.10,208.36464398352004,2.5624098824890824e-39
ENSG00000170909.13,208.314494486131,2.6074417458503294e-39
ENSG00000118407.15,207.94411213009136,2.9655931315993794e-39
ENSG00000225398.3,207.6034025157604,3.3385501666946943e-39
ENSG00000078596.11,207.57724484290821,3.369059981241716e-39
ENSG00000175662.18,207.15790077659668,3.8982296260614386e-39
ENSG00000261888.1,206.80879987256878,4.4019345861697744e-39
ENSG00000138722.10,206.56690749708997,4.7888201853288036e-39
ENSG00000112531.17,206.51557834372502,4.87521203987237e-39
ENSG00000176971.4,206.46222392413551,4.966672276091036e-39
ENSG00000128059.8,206.20295408641556,5.436253582945346e-39
ENSG00000145247.12,206.12805186910384,5.580038529277244e-39
ENSG00000166482.12,205.99123440749327,5.8526119259318905e-39
ENSG00000100060.18,205.95918710142058,5.91836745132176e-39
ENSG00000154734.16,205.37033344216712,7.267758464573975e-39
ENSG00000179144.5,205.33517822634394,7.357465724276541e-39
ENSG00000112139.16,205.21094201304643,7.683488992813933e-39
ENSG00000204217.15,205.16312208749574,7.812812155786978e-39
ENSG00000143633.13,204.98775590736264,8.306062774426185e-39
ENSG00000117834.13,204.88527840558245,8.608657159574448e-39
ENSG00000257604.1,204.70642717672152,9.163535757635714e-39
ENSG00000155660.11,204.60921161697004,9.480070069310711e-39
ENSG00000117399.14,204.5204983718322,9.778495288429818e-39
ENSG00000272783.1,203.79573922921517,1.2598174464684057e-38
ENSG00000170477.13,203.77987062562153,1.2668295889726724e-38
ENSG00000279662.1,203.50200852461262,1.3961667146822864e-38
ENSG00000286646.1,202.9311007748865,1.7050545089997364e-38
ENSG00000132376.20,202.6467446046667,1.8836486694975953e-38
ENSG00000154065.17,202.48129690546875,1.996087261333199e-38
ENSG00000144891.18,202.40718442521754,2.0486171865153296e-38
ENSG00000019169.10,202.3018866244158,2.1256475903294577e-38
ENSG00000164619.10,201.92047899265373,2.4298413198535906e-38
ENSG00000279453.1,201.85313738224002,2.4879246838416217e-38
ENSG00000164741.15,201.20544931835482,3.122945529849379e-38
ENSG00000272463.1,200.28044314017308,4.322469629407545e-38
ENSG00000121068.14,200.0272051579262,4.725131659464272e-38
ENSG00000122952.17,199.895836486759,4.948644841522155e-38
ENSG00000106991.14,199.42869422953586,5.833047062311102e-38
ENSG00000118785.14,199.1463779728298,6.442821721862646e-38
ENSG00000163710.9,198.98604317831163,6.81722783232954e-38
ENSG00000214708.4,198.92280347756042,6.970843279738301e-38
ENSG00000159640.17,198.62212913710994,7.75014816946978e-38
ENSG00000108823.16,198.5220260890891,8.028559361231761e-38
ENSG00000152402.11,198.43241950040277,8.286288061047133e-38
ENSG00000178826.11,197.4703997240544,1.1635973562346278e-37
ENSG00000116678.20,197.25051549976968,1.257573737898155e-37
ENSG00000233251.8,197.15304160689206,1.3016367584535682e-37
ENSG00000112242.15,197.14482019759276,1.3054234071244261e-37
ENSG00000183856.11,196.65838126848988,1.5503317918807552e-37
ENSG00000179967.11,196.61027525900613,1.5769300586457444e-37
ENSG00000108773.11,196.55223498380826,1.6096318938614845e-37
ENSG00000272379.1,196.39151608169172,1.7037849525878072e-37
ENSG00000147689.16,196.2542181223836,1.7885870736592299e-37
ENSG00000142273.13,196.22153899319366,1.8093882503912706e-37
ENSG00000128165.9,196.12563719625481,1.8718458655984577e-37
ENSG00000143110.12,195.95911684117698,1.9854836203792495e-37
ENSG00000152583.12,195.5860994851674,2.265830348207677e-37
ENSG00000112419.14,195.02781054449133,2.7614688900518786e-37
ENSG00000113555.6,194.85602794710277,2.9348768852600757e-37
ENSG00000163686.15,194.77766319217463,3.017575848073601e-37
ENSG00000171885.18,194.35765033792708,3.5023994610842604e-37
ENSG00000126895.15,193.79790981285745,4.272329074919964e-37
ENSG00000173391.9,193.44905460866784,4.836015709204145e-37
ENSG00000134690.11,193.42202234357475,4.8826947429185354e-37
ENSG00000173898.14,193.18719976600786,5.307706385769465e-37
ENSG00000186642.16,192.4452377300138,6.910710838075619e-37
ENSG00000101335.10,192.08362068242604,7.860165307173644e-37
ENSG00000177453.7,191.80915752619427,8.667358657892102e-37
ENSG00000038945.15,191.54186836357425,9.533435935004499e-37
ENSG00000278259.4,191.51210509895608,9.635102509697355e-37
ENSG00000228997.1,191.2613794018871,1.053593690510949e-36
ENSG00000183287.14,191.20626467354683,1.0745037204458064e-36
ENSG00000119862.13,191.2050418341343,1.0749723507864504e-36
ENSG00000162062.15,191.1555049333627,1.0941300344373103e-36
ENSG00000186594.14,190.84783698407546,1.2210397527603805e-36
ENSG00000138639.18,190.6096901320219,1.3293419927774727e-36
ENSG00000150457.9,190.5438258182779,1.3609634999874376e-36
ENSG00000272839.1,190.25423061975482,1.5092095240353055e-36
ENSG00000187116.14,190.1206006338918,1.5829830564975878e-36
ENSG00000162614.19,190.11715710422953,1.5849312668041287e-36
ENSG00000147027.4,190.10991675825073,1.589035421007893e-36
ENSG00000073910.22,189.91363851344101,1.7044555167078874e-36
ENSG00000183801.8,189.8921325368976,1.7176031752763267e-36
ENSG00000156052.11,189.84360221800748,1.7476476372044594e-36
ENSG00000214491.8,189.8212137378419,1.761685410880341e-36
ENSG00000123213.23,189.7759759193724,1.7903964738266857e-36
ENSG00000171303.7,189.3582284214006,2.0787698008691163e-36
ENSG00000157077.15,189.0706891818225,2.303947505534088e-36
ENSG00000150764.14,188.83912129592815,2.502987548645184e-36
ENSG00000119326.15,188.54190785286727,2.7839741958775048e-36
ENSG00000175130.7,188.5137453730722,2.812189698997639e-36
ENSG00000102547.19,188.33666837855515,2.9963005006310957e-36
ENSG00000134057.15,188.12471146108965,3.232666859099469e-36
ENSG00000151474.23,187.9964487523604,3.3847058397256244e-36
ENSG00000109458.8,187.53189195617395,3.998044523029617e-36
ENSG00000144681.10,187.39795958042126,4.194780296504288e-36
ENSG00000148841.17,187.0735616182156,4.712552049269758e-36
ENSG00000197766.8,186.91125118010703,4.9952425213491346e-36
ENSG00000106462.11,186.8748745146982,5.06089970316285e-36
ENSG00000183087.15,186.83987177965125,5.1248952044303353e-36
ENSG00000120057.5,186.22847086421984,6.383460906066978e-36
ENSG00000076382.17,185.32037630697388,8.848628531598945e-36
ENSG00000144909.8,185.3127954627658,8.872800813731366e-36
ENSG00000171943.12,185.29970939341166,8.914683212688483e-36
ENSG00000140044.13,185.01765845855692,9.867269158919444e-36
ENSG00000119138.4,184.9545911218468,1.0093888667789928e-35
ENSG00000125459.17,184.9189110408162,1.0224405442285971e-35
ENSG00000061656.10,184.86847036594983,1.0411813179569634e-35
ENSG00000028528.15,184.56721177242736,1.1605195786262888e-35
ENSG00000004799.8,184.44531518718216,1.2126267706229165e-35
ENSG00000110660.15,184.0102063085849,1.418547002349398e-35
ENSG00000167641.11,183.9879225672807,1.429991687063394e-35
ENSG00000174804.4,183.78734990241884,1.5372694879537539e-35
ENSG00000175643.10,183.7710502270646,1.5463347783332192e-35
ENSG00000134020.8,183.61969804996733,1.63311795216743e-35
ENSG00000183607.10,183.2525179203746,1.8645374503036104e-35
ENSG00000103034.14,183.21183885980187,1.8921230535006754e-35
ENSG00000112984.12,183.19425097199303,1.9041764640284823e-35
ENSG00000136826.15,183.1470061517906,1.936937693743018e-35
ENSG00000148082.10,183.0741707641076,1.9885569765764694e-35
ENSG00000138772.13,182.9175446637824,2.1042885798551872e-35
ENSG00000196814.15,182.69511161163595,2.280367996520899e-35
ENSG00000204161.14,182.30093730526448,2.6295450135155927e-35
ENSG00000119280.17,182.22702669669135,2.700766379080444e-35
ENSG00000165511.6,182.1196865644148,2.8076655011673215e-35
ENSG00000006740.17,181.84326405701006,3.1029308165429423e-35
ENSG00000138735.16,181.7346827166575,3.2272727696079545e-35
ENSG00000140945.17,181.7153511543114,3.249929484671846e-35
ENSG00000169926.11,181.65280731472677,3.3243315812566735e-35
ENSG00000197405.8,181.3867154868051,3.660483163368845e-35
ENSG00000225329.3,181.30702331331227,3.7676517945309385e-35
ENSG00000102921.8,181.16679288614642,3.9639404966437704e-35
ENSG00000106809.11,181.1538454362271,3.9825737995316175e-35
ENSG00000088325.16,181.11690870126523,4.036216128391541e-35
ENSG00000188921.14,180.93441894653313,4.3120833185489603e-35
ENSG00000029993.15,180.85752991884354,4.43391378053862e-35
ENSG00000231993.1,180.84119380001601,4.460240357716104e-35
ENSG00000172403.11,180.60621224801454,4.856770252683556e-35
ENSG00000155659.15,180.54009160084414,4.974601729658029e-35
ENSG00000156076.10,178.76211435636645,9.486577352383069e-35
ENSG00000152137.8,178.60597610620388,1.0040769319918455e-34
ENSG00000175063.17,178.4555598026035,1.0605388071116534e-34
ENSG00000236914.4,178.43362378578126,1.069035242960592e-34
ENSG00000093183.14,178.4103038786887,1.0781426834176919e-34
ENSG00000126602.11,178.35832315928752,1.0987248588856533e-34
ENSG00000141448.11,178.28595484708745,1.1280385168845322e-34
ENSG00000153823.19,178.04539407761882,1.2312451704151443e-34
ENSG00000273760.1,177.9993728695873,1.2520447051980325e-34
ENSG00000180772.7,177.8931065136358,1.3014307149997392e-34
ENSG00000146072.6,177.54399594107338,1.4778725202847525e-34
ENSG00000088854.12,177.5421864020717,1.4788470287593453e-34
ENSG00000143382.15,177.46374437955615,1.5217174070671454e-34
ENSG00000176920.13,177.41810688853016,1.54723144341043e-34
ENSG00000172201.12,177.31171694570318,1.6083905561561063e-34
ENSG00000092964.18,177.24165201702212,1.649988256501476e-34
ENSG00000137033.11,177.17096702802553,1.6930491919279914e-34
ENSG00000111863.13,176.82389264802194,1.921436955872999e-34
ENSG00000134030.14,176.71025021064847,2.002751720738178e-34
ENSG00000076067.13,176.65384391665052,2.0443868567839642e-34
ENSG00000147113.17,176.3280478527303,2.3024584387256055e-34
ENSG00000125910.6,176.08516209575748,2.515933309619104e-34
ENSG00000139970.17,175.87343298864198,2.7181846308261904e-34
ENSG00000163464.8,175.85259005139818,2.7389569871811397e-34
ENSG00000169442.9,175.74095764049292,2.852955681781804e-34
ENSG00000234456.8,175.7293057705755,2.8651258666011326e-34
ENSG00000124766.7,175.4710139267156,3.1487120773938565e-34
ENSG00000203499.12,175.41570071125668,3.213016715661947e-34
ENSG00000239672.8,175.3411934721374,3.3017255082520496e-34
ENSG00000166851.15,175.12189612803417,3.577358075215733e-34
ENSG00000021852.13,174.9590177525396,3.796934859183449e-34
ENSG00000064999.15,174.7923928340856,4.035579356288043e-34
ENSG00000019485.13,174.452796507761,4.569633898602405e-34
ENSG00000012822.16,174.41870467598036,4.627022179071203e-34
ENSG00000079462.8,174.14714741911084,5.110769329295497e-34
ENSG00000101811.14,174.02493296707434,5.344753267882576e-34
ENSG00000136869.16,173.93078268867728,5.532319932186334e-34
ENSG00000163431.13,173.7207498347309,5.974923023026255e-34
ENSG00000108622.11,173.57693629227032,6.298331643900537e-34
ENSG00000180537.13,173.54745980259648,6.366759417927634e-34
ENSG00000139874.6,173.4633840367555,6.566066032119418e-34
ENSG00000154330.13,173.37099736028685,6.7923086119889864e-34
ENSG00000204713.11,172.7792144841045,8.439322707729097e-34
ENSG00000103994.18,172.44816202124412,9.530020063137677e-34
ENSG00000169379.16,172.37053588173208,9.805625857811755e-34
ENSG00000147443.13,171.86752951146718,1.1796221333428175e-33
ENSG00000179348.12,171.5042491429484,1.348198279159129e-33
ENSG00000137824.16,171.32569131608886,1.4397243171281975e-33
ENSG00000183605.17,171.28446895821853,1.4617260628096623e-33
ENSG00000157456.8,171.28348212271123,1.4622568882740086e-33
ENSG00000046889.19,170.60751717892896,1.8753997842209603e-33
ENSG00000147257.15,170.10876461788828,2.2537574699748233e-33
ENSG00000235750.10,169.74477746016626,2.5774772021586547e-33
ENSG00000086232.13,169.73580164597323,2.5860244019264205e-33
ENSG00000100196.11,169.39204478618325,2.9357070156477228e-33
ENSG00000095637.22,169.04048869426535,3.342519227836923e-33
ENSG00000198624.13,168.8842103139563,3.5411030281827824e-33
ENSG00000124942.14,168.82961018876685,3.613242138064146e-33
ENSG00000160688.19,168.65529155609778,3.853585268980239e-33
ENSG00000078114.19,168.6023979519061,3.929640678800025e-33
ENSG00000223573.7,168.4163436916431,4.2093478078260316e-33
ENSG00000159433.12,168.40259617865863,4.230791873744817e-33
ENSG00000166912.17,168.35731559960848,4.3022017300486615e-33
ENSG00000101938.15,168.25116413090154,4.47439016054044e-33
ENSG00000025423.11,167.94585847245884,5.009198353287049e-33
ENSG00000123500.10,167.57675023058368,5.742248189513649e-33
ENSG00000158373.8,167.5414988519055,5.817662361563542e-33
ENSG00000140092.14,167.5182089976056,5.868031859219027e-33
ENSG00000136261.15,167.4990685080502,5.9097551716278815e-33
ENSG00000126218.12,167.38093607931475,6.173942287523953e-33
ENSG00000116005.12,167.09563690599566,6.861945398045645e-33
ENSG00000220205.9,167.04857575040512,6.982615611604996e-33
ENSG00000138434.17,167.0413598336636,7.001305578078354e-33
ENSG00000164188.9,166.94730185432618,7.249571462602816e-33
ENSG00000101057.16,166.908245382873,7.355241478069416e-33
ENSG00000120318.16,166.69587069252708,7.957510168140214e-33
ENSG00000166961.15,166.5443490703644,8.417259902400982e-33
ENSG00000163938.17,166.40929038803102,8.849503857839706e-33
ENSG00000114686.9,166.37826318739766,8.951912538806577e-33
ENSG00000165410.15,166.20715668788307,9.538430064918668e-33
ENSG00000104738.18,166.19277361560498,9.58945681299536e-33
ENSG00000160593.19,166.1344208908601,9.799302458899215e-33
ENSG00000103550.14,165.75776859794462,1.1269342849560559e-32
ENSG00000103710.11,165.4777394359052,1.250413436275372e-32
ENSG00000140254.12,165.3419866227337,1.3150773350911137e-32
ENSG00000070731.11,165.22044666236127,1.375816211133167e-32
ENSG00000166123.14,165.1582624676045,1.4079740337450308e-32
ENSG00000138670.18,164.8313702529078,1.5898623663386158e-32
ENSG00000143217.9,164.52419252626515,1.7822460847757983e-32
ENSG00000163468.15,163.98300148998362,2.1798580322462682e-32
ENSG00000142945.13,163.89039752362802,2.2563236395579248e-32
ENSG00000187416.12,163.84571048562745,2.294180943174718e-32
ENSG00000067177.15,163.72160297158192,2.4027005931989104e-32
ENSG00000184500.16,163.70457740060104,2.417984581257186e-32
ENSG00000133574.10,163.65674947883062,2.4614445658769632e-32
ENSG00000138180.16,163.41729379104524,2.6911188274778945e-32
ENSG00000138160.7,163.37810940827177,2.7307010562119053e-32
ENSG00000138207.14,163.20699146136593,2.910524294777903e-32
ENSG00000159713.11,163.08387508111161,3.0472181539471566e-32
ENSG00000115368.10,162.9765297799523,3.1716540296206516e-32
ENSG00000160957.14,162.24683389626912,4.164134117543004e-32
ENSG00000110906.13,162.24519343248787,4.1666851535973234e-32
ENSG00000177788.6,162.20405636754256,4.231171919853564e-32
ENSG00000089685.15,162.0124936775937,4.5449240551377825e-32
ENSG00000105011.9,161.87725483524974,4.7804008076084334e-32
ENSG00000006625.18,161.7777467658049,4.961454698935861e-32
ENSG00000234362.6,161.4863243845554,5.532303457554643e-32
ENSG00000090447.12,161.4769499978608,5.551723150426868e-32
ENSG00000141562.18,161.45727000382624,5.592714651190847e-32
ENSG00000101955.15,161.4536769170254,5.600231450150245e-32
ENSG00000027075.15,161.44827367072136,5.611554240471571e-32
ENSG00000137960.6,161.1745441316425,6.216298102403954e-32
ENSG00000255197.6,161.0803984389248,6.43908193746919e-32
ENSG00000276043.5,160.79204685566907,7.172583329489477e-32
ENSG00000135069.14,160.64920892856813,7.566450725010187e-32
ENSG00000114698.15,160.63824555361091,7.597564535767907e-32
ENSG00000198909.8,160.51204304322894,7.965113731917866e-32
ENSG00000175899.15,160.49857195994161,8.005386687436076e-32
ENSG00000011426.11,160.25699796387357,8.763331814153324e-32
ENSG00000068615.19,160.19318653874404,8.975309453043472e-32
ENSG00000260314.3,160.1536150494654,9.109342896563696e-32
ENSG00000144642.22,160.11944194544589,9.226708005888512e-32
ENSG00000117650.13,160.0996683359738,9.295311483090502e-32
ENSG00000101311.16,160.03720594242213,9.51540493122514e-32
ENSG00000079819.19,160.00737804325854,9.622346053308076e-32
ENSG00000129675.16,159.97531105932777,9.738661792342235e-32
ENSG00000229619.4,159.91615602808105,9.956951566554389e-32
ENSG00000100234.12,159.43314313373548,1.1933519094441623e-31
ENSG00000007402.12,159.2019630344601,1.3014583617725193e-31
ENSG00000169241.19,159.06566494057543,1.3697502461919043e-31
ENSG00000183161.6,159.05564359245633,1.3749112304937369e-31
ENSG00000145050.19,159.04605292280755,1.3798687045904345e-31
ENSG00000162849.16,158.9265894028206,1.4431458073009088e-31
ENSG00000171848.16,158.91407779259302,1.449939273326105e-31
ENSG00000117394.24,158.32298422599993,1.8103208095074077e-31
ENSG00000110492.15,158.16597525826768,1.9203436771078338e-31
ENSG00000180061.10,158.1450067988063,1.9355368828727931e-31
ENSG00000168079.17,158.14266592790779,1.9372404914938312e-31
ENSG00000162851.8,158.07305866490782,1.988592455734049e-31
ENSG00000076604.15,157.97285760231645,2.0649248511348164e-31
ENSG00000158352.16,157.9189302462646,2.1072174217482626e-31
ENSG00000163637.13,157.90616209517688,2.1173575783143226e-31
ENSG00000130826.18,157.4593380160448,2.504850359549869e-31
ENSG00000117791.16,157.4286308371374,2.533959621120212e-31
ENSG00000179914.5,157.30059122573724,2.659044164179051e-31
ENSG00000109586.12,156.61756954691654,3.4389666764209317e-31
ENSG00000119457.8,156.5158573092056,3.573327856643965e-31
ENSG00000171522.6,156.35227910900255,3.80056158424633e-31
ENSG00000090889.12,156.3453477070756,3.810504538884984e-31
ENSG00000153093.20,156.16859540616338,4.073072936792113e-31
ENSG00000066468.23,155.8545537820089,4.585229354919741e-31
ENSG00000170836.12,155.8370129681694,4.615672319113945e-31
ENSG00000106004.5,155.37015194142776,5.504989107709814e-31
ENSG00000154127.10,155.34881155298075,5.549523507418533e-31
ENSG00000127528.6,155.1622007975184,5.954700462431869e-31
ENSG00000204592.9,154.97916926500895,6.380963965190267e-31
ENSG00000235584.3,154.74091072509586,6.982102826906427e-31
ENSG00000071967.12,154.24193384384745,8.431828086816514e-31
ENSG00000094804.12,153.9451902944935,9.433679411142037e-31
ENSG00000136153.20,153.86870623234972,9.710742821634318e-31
ENSG00000117724.13,153.69580901811798,1.036756191926958e-30
ENSG00000240184.7,153.65925977104277,1.0512024123369143e-30
ENSG00000205364.4,153.63101638647802,1.0625040496865519e-30
ENSG00000123360.12,153.54641442701373,1.097093259178098e-30
ENSG00000188176.12,153.49718870292116,1.1177372006754258e-30
ENSG00000170890.14,153.47762023007468,1.126051663904144e-30
ENSG00000087274.17,153.32050239400186,1.195101364540342e-30
ENSG00000167900.12,153.3026345299823,1.2032184774005243e-30
ENSG00000118946.12,153.17080772690645,1.2648419955574115e-30
ENSG00000262097.2,152.8893453565563,1.4072331739087996e-30
ENSG00000235505.7,152.86442763043735,1.420589686964055e-30
ENSG00000113231.14,152.55094546401455,1.5999137040757125e-30
ENSG00000147231.14,152.2699742459364,1.7798891340172738e-30
ENSG00000126787.13,152.26446890763822,1.7836116343745475e-30
ENSG00000065675.15,152.20108338027984,1.8270379845738566e-30
ENSG00000142973.14,151.9711795468484,1.9936541213210532e-30
ENSG00000049283.18,151.86210986621995,2.077955449747114e-30
ENSG00000133026.13,151.60682245472793,2.2895375963168517e-30
ENSG00000120457.12,151.58730280879382,2.3065794750103666e-30
ENSG00000123473.16,151.51883429363517,2.36737037871394e-30
ENSG00000166313.19,151.47599219639406,2.406224303792903e-30
ENSG00000143374.17,151.3617865486004,2.5129568913968034e-30
ENSG00000064042.18,151.11795937781778,2.7570151209516462e-30
ENSG00000055044.11,150.77772024078254,3.1378878561422754e-30
ENSG00000139174.12,150.75673674114435,3.163037659873798e-30
ENSG00000124067.17,150.66116497723937,3.2801710290277414e-30
ENSG00000144591.19,150.6397679003985,3.306986720231582e-30
ENSG00000100558.9,150.61728816586034,3.3353964544368714e-30
ENSG00000174944.9,150.20138281544385,3.907556161170889e-30
ENSG00000173715.18,150.01869098982914,4.189121953281356e-30
ENSG00000197930.13,150.00731855883112,4.207308342149356e-30
ENSG00000288558.2,150.00093663698158,4.217548800172195e-30
ENSG00000085552.17,149.98252453027925,4.247233456075399e-30
ENSG00000277782.1,149.89241590923982,4.395564408626457e-30
ENSG00000121797.10,149.86279879532697,4.445445620917427e-30
ENSG00000205002.4,149.8336963670392,4.4950137834753644e-30
ENSG00000159176.14,149.74038529756658,4.6577186814018526e-30
ENSG00000114541.15,149.6564494362585,4.809124373297173e-30
ENSG00000124615.20,149.28227976477942,5.546523013247001e-30
ENSG00000124571.18,149.2504954853478,5.614168231286555e-30
ENSG00000113368.12,149.2454747180586,5.624929256968629e-30
ENSG00000277351.1,148.80478625765312,6.654877189048717e-30
ENSG00000164687.11,148.56296739015934,7.298485176877564e-30
ENSG00000107295.10,148.54014179070873,7.362375548340298e-30
ENSG00000137486.17,148.47810294102013,7.538879124275357e-30
ENSG00000163882.9,148.4618785167825,7.585735405783411e-30
ENSG00000117597.18,148.4205369564715,7.706456745573025e-30
ENSG00000178999.13,148.37855516604654,7.831022558050447e-30
ENSG00000101003.10,148.37739782297055,7.834485050739993e-30
ENSG00000150938.10,148.3765560339611,7.837004447291042e-30
ENSG00000132680.11,148.36724366703052,7.864929851273946e-30
ENSG00000110328.6,148.35702133367425,7.895699093300999e-30
ENSG00000159147.18,148.31691085876008,8.01760413098463e-30
ENSG00000138074.15,148.26115698242123,8.190199671833132e-30
ENSG00000114378.17,148.18639489878933,8.427510252720717e-30
ENSG00000198682.13,148.13381970424334,8.598519616808186e-30
ENSG00000079616.13,148.09942617778592,8.712271638243109e-30
ENSG00000204136.11,148.09252072467652,8.735292068803047e-30
ENSG00000148773.14,148.08249625681813,8.768818993271169e-30
ENSG00000130518.17,148.02619096189127,8.959548611595841e-30
ENSG00000111602.12,147.9397129900568,9.260632374295991e-30
ENSG00000089225.20,147.8726265898302,9.501184929478669e-30
ENSG00000286289.1,147.80054890137507,9.766633740043494e-30
ENSG00000253288.2,147.6845461703404,1.0209582351239306e-29
ENSG00000102010.15,147.5851031766371,1.0605329412387324e-29
ENSG00000160013.9,147.41388073366429,1.1323180073887125e-29
ENSG00000154319.16,147.26225045222944,1.1999543530769654e-29
ENSG00000169282.18,147.25271549474175,1.2043406828829747e-29
ENSG00000198668.13,147.21449624540273,1.2220847819377849e-29
ENSG00000130762.15,147.12158592506793,1.2663232425122513e-29
ENSG00000115380.20,147.1100586320433,1.2719228618784392e-29
ENSG00000135632.12,147.1077124770052,1.2730655972894773e-29
ENSG00000085760.15,146.91967902885622,1.368085195541147e-29
ENSG00000197872.11,146.87151836805378,1.3935478859179372e-29
ENSG00000164236.12,146.840535864475,1.4101794901632129e-29
ENSG00000137648.19,146.61252574164294,1.5388684099435485e-29
ENSG00000101916.12,146.22371533395597,1.7861150420018742e-29
ENSG00000111058.8,146.08382810239948,1.8845190659514446e-29
ENSG00000166106.3,146.00474063212368,1.942544383648783e-29
ENSG00000206053.13,145.96378502594283,1.973294760093535e-29
ENSG00000171101.13,145.8044176897749,2.09767639112577e-29
ENSG00000123485.12,145.71511558499793,2.1707861507778254e-29
ENSG00000186193.9,145.66663749734875,2.2115403663509386e-29
ENSG00000115806.13,145.35895107279603,2.48873986806197e-29
ENSG00000228288.7,145.33746984528656,2.509348308367819e-29
ENSG00000274370.1,145.33253611046433,2.5141057373434995e-29
ENSG00000144381.18,145.27404656982304,2.571200251029559e-29
ENSG00000090530.10,145.05693300853207,2.7947638292195483e-29
ENSG00000140299.13,144.89282648630564,2.976616030276288e-29
ENSG00000152818.18,144.72202863116738,3.178519235117572e-29
ENSG00000129473.11,144.7196707517092,3.18140071401612e-29
ENSG00000012779.11,144.686400923533,3.2223393686070536e-29
ENSG00000159596.7,144.43403256239182,3.55060983200848e-29
ENSG00000246582.3,144.36966733161557,3.639580053056645e-29
ENSG00000124831.19,144.16652795710414,3.9353292540449565e-29
ENSG00000168685.15,143.96293833256303,4.255961722653608e-29
ENSG00000165304.8,143.8984853303466,4.362839439826352e-29
ENSG00000039523.20,143.68769849825108,4.7315618206649535e-29
ENSG00000132688.11,143.63189225032284,4.834318148220339e-29
ENSG00000134285.11,143.63101269711055,4.8359554892259353e-29
ENSG00000068383.19,143.5327017610227,5.0225222973996056e-29
ENSG00000141696.13,143.50894911776615,5.06867218917268e-29
ENSG00000156970.13,143.4782870864767,5.128876942617658e-29
ENSG00000149577.16,143.43854742522487,5.20797555401975e-29
ENSG00000133195.11,142.8038333786699,6.651022473789059e-29
ENSG00000175445.17,142.7428728106385,6.8092010906428e-29
ENSG00000130590.14,142.5916856971109,7.217997378168949e-29
ENSG00000143320.9,142.56859190266013,7.282575539652105e-29
ENSG00000187583.11,142.53023969096722,7.391106138526745e-29
ENSG00000162063.13,142.44401886383167,7.641065937029768e-29
ENSG00000149269.10,142.42611303375773,7.694031515331163e-29
ENSG00000108342.13,142.3613991006942,7.888549321114979e-29
ENSG00000163348.4,142.2904462055735,8.107502001997804e-29
ENSG00000133835.17,142.2781642156719,8.146017929109892e-29
ENSG00000000460.17,141.99461941891096,9.088151261123192e-29
ENSG00000114346.14,141.8208760932316,9.718766122198669e-29
ENSG00000159259.8,141.78727097121515,9.845719780206488e-29
ENSG00000144354.14,141.7616242087578,9.943727846092008e-29
ENSG00000076555.15,141.7339145367517,1.0050720857044576e-28
ENSG00000177464.5,141.51823577269772,1.0924015630932707e-28
ENSG00000129173.13,141.3597199337316,1.1614096455423998e-28
ENSG00000068305.17,141.2847674632577,1.1955476870818153e-28
ENSG00000124785.9,141.2659948484135,1.2042545973097643e-28
ENSG00000248243.1,141.20052390137664,1.2351220651513468e-28
ENSG00000123352.18,141.14837961834178,1.2602740001265253e-28
ENSG00000129353.15,140.96083239126145,1.3550671014687498e-28
ENSG00000197879.17,140.68254416578463,1.5090849643387805e-28
ENSG00000122565.19,140.54704992871035,1.590321504337726e-28
ENSG00000103353.16,140.52428032734775,1.6043980186702943e-28
ENSG00000172322.14,140.46433940722937,1.6420556806597438e-28
ENSG00000170417.16,140.23475337812647,1.7946906098223454e-28
ENSG00000124191.18,140.18834113353864,1.8272374708694522e-28
ENSG00000185532.20,140.02911110697258,1.9434718359179725e-28
ENSG00000131370.16,139.8502042142604,2.08295499430752e-28
ENSG00000122042.10,139.7762541328945,2.1435068942516127e-28
ENSG00000138193.16,139.6023394685071,2.292973301547917e-28
ENSG00000099953.10,139.55022019304928,2.339772524080312e-28
ENSG00000018280.17,139.49924817718815,2.386469441277923e-28
ENSG00000174156.15,139.29654354975852,2.5816236877136244e-28
ENSG00000109906.14,139.20145073734957,2.6786216148485175e-28
ENSG00000158186.13,139.18084290004165,2.700120279936535e-28
ENSG00000102575.13,139.09617874185818,2.790278214571288e-28
ENSG00000111859.17,139.0097457872131,2.885439907035905e-28
ENSG00000111077.18,138.97623117804648,2.923210187427719e-28
ENSG00000105383.15,138.6953037208233,3.259985484261533e-28
ENSG00000186074.19,138.59681389997525,3.3870635188054497e-28
ENSG00000074527.13,138.47051799990996,3.5573274259560736e-28
ENSG00000116701.15,138.40925247520303,3.642992339991327e-28
ENSG00000155465.20,138.36668188294215,3.703734128688074e-28
ENSG00000182481.10,138.31989379500743,3.7716677593304134e-28
ENSG00000254726.3,138.12198351304022,4.0731449084714965e-28
ENSG00000146670.10,138.0566518129575,4.177887584032441e-28
ENSG00000278619.5,137.98387842768125,4.297749660915163e-28
ENSG00000166224.17,137.98272877818593,4.299670658250333e-28
ENSG00000149131.17,137.92118329593296,4.403778443534006e-28
ENSG00000114853.14,137.782802490617,4.647198803577418e-28
ENSG00000143799.14,137.70705725946968,4.786116573047477e-28
ENSG00000250978.5,137.65714434260488,4.879929836721035e-28
ENSG00000087586.18,137.65077820883963,4.8920272906486745e-28
ENSG00000091651.9,137.60161187065214,4.986477579402629e-28
ENSG00000116690.13,137.59764475230546,4.994177943266571e-28
ENSG00000173641.18,137.5946676950003,4.999964395302261e-28
ENSG00000145386.11,137.41258389102592,5.36698369297441e-28
ENSG00000168743.13,137.411366270937,5.369526954531512e-28
ENSG00000164934.14,137.4037075603446,5.385551594546166e-28
ENSG00000119888.11,137.37238400021624,5.451592708748374e-28
ENSG00000146376.11,137.26517196695045,5.683852064042734e-28
ENSG00000158270.12,137.15765396158426,5.92675765010953e-28
ENSG00000169554.22,137.05080486025233,6.178482298847969e-28
ENSG00000162757.4,137.0257651588864,6.239009772834662e-28
ENSG00000189159.16,137.0059883872507,6.287236050914632e-28
ENSG00000237813.4,136.9306551207042,6.474393277954352e-28
ENSG00000173482.17,136.92916145731851,6.478160154685626e-28
ENSG00000129244.9,136.8717914010171,6.624520178720898e-28
ENSG00000148516.22,136.8300968359508,6.732969438222465e-28
ENSG00000163072.16,136.74350923695042,6.963918305329753e-28
ENSG00000141570.11,136.7301822865712,7.000164186797443e-28
ENSG00000132763.15,136.60830654343854,7.340551305644065e-28
ENSG00000161929.15,136.59886175452482,7.367613659196364e-28
ENSG00000237649.8,136.50658198547774,7.637355209935247e-28
ENSG00000155066.16,136.4650802644108,7.761880765828005e-28
ENSG00000166965.12,136.44957519293823,7.808925104439623e-28
ENSG00000138593.9,136.42011221386636,7.899110094766822e-28
ENSG00000100154.14,136.2531838471915,8.430187532359507e-28
ENSG00000164941.14,136.16835451527814,8.71366711238674e-28
ENSG00000141582.15,136.1542887155593,8.761588616319781e-28
ENSG00000162817.7,136.09086839574618,8.980967494115595e-28
ENSG00000160753.16,136.0877640907854,8.991846204840318e-28
ENSG00000163947.12,136.02861686698384,9.201668612045287e-28
ENSG00000132676.16,135.99100855997256,9.337633086461413e-28
ENSG00000151725.12,135.90056623586224,9.672926652341755e-28
ENSG00000164879.7,135.8834334427558,9.73779185269741e-28
ENSG00000186522.15,135.8338915594932,9.927827462478874e-28
ENSG00000251322.9,135.7644372554519,1.0200532753197893e-27
ENSG00000177791.12,135.62934746521987,1.0752688184600102e-27
ENSG00000160949.17,135.62175578372066,1.0784594023880192e-27
ENSG00000137309.20,135.54330907750608,1.1119904949686414e-27
ENSG00000167513.9,135.44409768914298,1.1559010749949302e-27
ENSG00000103365.15,135.3387881993876,1.2044179388978888e-27
ENSG00000260804.3,135.33376747578222,1.2067814410955835e-27
ENSG00000272143.1,135.32995289652368,1.2085802653623562e-27
ENSG00000115761.16,135.32285407293318,1.2119349985772098e-27
ENSG00000196396.10,135.30953061739922,1.2182566139346053e-27
ENSG00000132965.10,135.18568019792977,1.278628403168332e-27
ENSG00000205302.7,135.06671546583837,1.3394468354703603e-27
ENSG00000158315.11,135.03057838006615,1.3584904102217631e-27
ENSG00000174282.12,134.9953413484267,1.377321522618452e-27
ENSG00000003249.15,134.75586553872947,1.5124372785088986e-27
ENSG00000130755.13,134.66043590301186,1.5699203758514023e-27
ENSG00000143228.13,134.57068714058286,1.6259826476786972e-27
ENSG00000111206.13,134.53228080007065,1.6505837552275077e-27
ENSG00000163412.13,134.4199575529987,1.7246989162536248e-27
ENSG00000110841.14,134.31735288213068,1.795319440248866e-27
ENSG00000093009.11,134.06360179207607,1.9827004816396513e-27
ENSG00000145284.12,134.05878096466031,1.9864443863071756e-27
ENSG00000078401.7,133.79635840110015,2.201330811200644e-27
ENSG00000149534.9,133.58211801833306,2.3939699629279536e-27
ENSG00000171792.11,133.4239268199626,2.5470006561573593e-27
ENSG00000106089.12,133.34693828345354,2.624994793729766e-27
ENSG00000073969.18,133.31178953308205,2.6613959219368207e-27
ENSG00000196196.3,133.2834641951967,2.6910991178603136e-27
ENSG00000075218.19,133.2499980598236,2.726622587361522e-27
ENSG00000178878.13,133.16108224884155,2.823309519157211e-27
ENSG00000255310.2,133.0915518717633,2.901310236921181e-27
ENSG00000179044.16,132.99425174523293,3.014111258838196e-27
ENSG00000116473.14,132.95341847261193,3.0627522703852763e-27
ENSG00000158122.12,132.89682713788437,3.1314707545169918e-27
ENSG00000136205.17,132.77675689551344,3.2824436451453726e-27
ENSG00000050555.19,132.73941739145846,3.33086748637808e-27
ENSG00000111412.6,132.70594453479646,3.374886482115789e-27
ENSG00000148339.12,132.68570941452262,3.401779879723281e-27
ENSG00000111684.11,132.60586279735068,3.5100168077064905e-27
ENSG00000265107.3,132.45742779296083,3.720507182848389e-27
ENSG00000100311.17,132.4458693307187,3.737420398918004e-27
ENSG00000183048.12,132.25447399722984,4.0289829908843454e-27
ENSG00000124920.14,132.24618251574333,4.0421178045442866e-27
ENSG00000158850.15,132.2229173902528,4.079202972472165e-27
ENSG00000273837.1,132.19049718375064,4.131452188102818e-27
ENSG00000184445.12,132.15127536359697,4.195562421178664e-27
ENSG00000205795.4,132.135729109474,4.221249303500421e-27
ENSG00000136404.16,132.0870187947848,4.302760082327543e-27
ENSG00000087903.13,131.93748813255237,4.562990866626375e-27
ENSG00000233476.3,131.81760565114504,4.782999317006085e-27
ENSG00000148175.13,131.7323131848491,4.94598633816792e-27
ENSG00000213088.12,131.7162874180836,4.977227206901102e-27
ENSG00000174749.6,131.4904327380479,5.4391894622802174e-27
ENSG00000260920.2,131.4517071116109,5.522618156267984e-27
ENSG00000113966.10,131.42008080391759,5.59170502322301e-27
ENSG00000120705.13,131.3930094532274,5.651530853557938e-27
ENSG00000165480.16,131.37947637814673,5.681678623661488e-27
ENSG00000108821.14,131.3297740485125,5.793793700930352e-27
ENSG00000072571.20,131.24908590850688,5.98055618348957e-27
ENSG00000117411.17,131.20009074165,6.09690000911979e-27
